column,count,mean,std,minimum,median,maximum
height_cm,116,170.304655,9.444439,142.590000,170.435000,193.710000
weight_kg,116,72.120948,8.739035,46.360000,72.155000,95.240000
resting_hr_bpm,116,64.163103,5.135479,51.050000,64.235000,75.860000
